<?xml version="1.0" encoding="UTF-8"?>
<CustomField xmlns="http://soap.sforce.com/2006/04/metadata">
    <fullName>Closed_Won_Reason__c</fullName>
    <description>Reason for the Opportuinty was marked as Closed Won</description>
    <externalId>false</externalId>
    <label>Closed Won Reason</label>
    <length>80</length>
    <required>false</required>
    <trackFeedHistory>false</trackFeedHistory>
    <trackTrending>false</trackTrending>
    <type>Text</type>
    <unique>false</unique>
</CustomField>
