<?xml version="1.0" encoding="UTF-8"?>
<CustomField xmlns="http://soap.sforce.com/2006/04/metadata">
    <fullName>High_Value_Processed__c</fullName>
    <defaultValue>false</defaultValue>
    <description>To check if Opportunity has already been processed as a high-value win to prevent reprocessing</description>
    <externalId>false</externalId>
    <label>High Value Processed</label>
    <trackFeedHistory>false</trackFeedHistory>
    <trackTrending>false</trackTrending>
    <type>Checkbox</type>
</CustomField>
