<?xml version="1.0" encoding="UTF-8"?>
<CustomField xmlns="http://soap.sforce.com/2006/04/metadata">
    <fullName>Opportunity__c</fullName>
    <deleteConstraint>SetNull</deleteConstraint>
    <description>Opportunity Record Associated with this Opportunity Win Processing Error</description>
    <externalId>false</externalId>
    <label>Opportunity</label>
    <referenceTo>Opportunity</referenceTo>
    <relationshipLabel>Opportunity Win Processing Errors</relationshipLabel>
    <relationshipName>Opportunity_Win_Processing_Errors</relationshipName>
    <required>false</required>
    <trackTrending>false</trackTrending>
    <type>Lookup</type>
</CustomField>
