<?xml version="1.0" encoding="UTF-8"?>
<CustomField xmlns="http://soap.sforce.com/2006/04/metadata">
    <fullName>Last_High_Value_Opportunity__c</fullName>
    <deleteConstraint>SetNull</deleteConstraint>
    <description>Recent most high-value Opportunity that was Closed Won for the Account</description>
    <externalId>false</externalId>
    <label>Last High Value Opportunity</label>
    <referenceTo>Opportunity</referenceTo>
    <relationshipLabel>Accounts</relationshipLabel>
    <relationshipName>Accounts</relationshipName>
    <required>false</required>
    <trackFeedHistory>false</trackFeedHistory>
    <type>Lookup</type>
</CustomField>
